Link,Category
https://www.linkedin.com/in/nguyenthanh-an,AI
https://www.linkedin.com/in/kenkz447,AI
https://www.linkedin.com/in/nguyen-nhu-quoc-huy-365b73154,AI
https://www.linkedin.com/in/tony-nguyen-308680118,tester
https://www.linkedin.com/in/duc-nguyendn95,tester
https://www.linkedin.com/in/trungnguyen6191,tester
https://www.linkedin.com/in/phunguyen07,tester
https://www.linkedin.com/in/nguyen-henry-08aab2232,tester
https://www.linkedin.com/in/linh-nguyen-990b53237,tester
https://www.linkedin.com/in/nguyen-tien-434654149,tester
https://www.linkedin.com/in/duynguyen326,tester
https://www.linkedin.com/in/tuan-nguyen-ab027435,tester
https://www.linkedin.com/in/ACoAAAdWACQBeYDrwQiRnKlUA0xH2_8kBO7ZKE0,tester
https://www.linkedin.com/in/thinh-nguyen-14823922a,HR
https://www.linkedin.com/in/nguyen-cat-tieu-giang-85b48160,HR
https://www.linkedin.com/in/tram-nguyen-573a85203,HR
https://www.linkedin.com/in/jade-nguyen-a1962025,HR
https://www.linkedin.com/in/luatnt,HR
https://www.linkedin.com/in/vincent-n-562bb971,HR
https://www.linkedin.com/in/nha-nguyen-419062a9,HR
https://www.linkedin.com/in/nguyen-huynh-dang-khoa-382a71192,HR
https://www.linkedin.com/in/phucnguyenhong,HR
https://www.linkedin.com/in/nguyenvantan97,HR
https://www.linkedin.com/in/hau-nguyen-14it,software
https://www.linkedin.com/in/hongnguyendn,software
https://www.linkedin.com/in/minhnguyen1919,software
https://www.linkedin.com/in/nguyen-si-nguyen-707394203,software
https://www.linkedin.com/in/danh-nguyen-huu,software
https://www.linkedin.com/in/ch%C3%AD-nguy%E1%BB%85n-5ab4381b9,software
https://www.linkedin.com/in/vi-nguyen-4a617a171,software
https://www.linkedin.com/in/nguyentanviet,software
https://www.linkedin.com/in/phuocnm,software
https://www.linkedin.com/in/nguyen-lan-vy-63b833269,software
https://www.linkedin.com/in/nguyentran166,BA
https://www.linkedin.com/in/linhnguyendeveloper,BA
https://www.linkedin.com/in/nguyen-truong-294235223,BA
https://www.linkedin.com/in/nguyen-thang-b67124152,BA
https://www.linkedin.com/in/nguyen-cuong-841090132,BA
https://www.linkedin.com/in/nguyenhoaiduc,BA
https://www.linkedin.com/in/kimdat546,BA
https://www.linkedin.com/in/nguyenthaotran61,BA
https://www.linkedin.com/in/nchoang217,BA
https://www.linkedin.com/in/nguyen-tran-cat-tien-%E3%83%86%E3%82%A3%E3%82%A8%E3%83%B3-b59490196,BA
https://www.linkedin.com/in/nhan-nguyen-71a596223,AI
https://www.linkedin.com/in/hai-james-nguyen,AI
https://www.linkedin.com/in/nqd251003,AI
https://www.linkedin.com/in/hongnguyen22,AI
https://www.linkedin.com/in/bao-nguyen-b51391232,AI
https://www.linkedin.com/in/quang-nguyen-827b51169,AI
https://www.linkedin.com/in/tansoildnsoft,AI
https://www.linkedin.com/in/nguyen-duyen-b379621a1,AI
https://www.linkedin.com/in/kiennv24,AI
https://www.linkedin.com/in/nguyen-truong-95762b24a,AI
https://www.linkedin.com/in/hang-nguyen-12a603270,software
https://www.linkedin.com/in/nguyen-khanh-aa15b3159,software
https://www.linkedin.com/in/danh2221,software
https://www.linkedin.com/in/ndt5821,software
https://www.linkedin.com/in/nvanvuong01,software
https://www.linkedin.com/in/linh-nguyen-866475237,software
https://www.linkedin.com/in/nguyen-hoang-983904164,software
https://www.linkedin.com/in/nguyen-an-026840aa,software
https://www.linkedin.com/in/gia-tri,software
https://www.linkedin.com/in/nguyen-huy-quang-01603914,software
https://www.linkedin.com/in/nguyen-thi-trang-62a61a151,BA
https://www.linkedin.com/in/nguyenduc3320,BA
https://www.linkedin.com/in/khoinguyenhoang,BA
https://www.linkedin.com/in/nguyen-nga-8856b8a4,BA
https://www.linkedin.com/in/nguyen-yen-b5543320a,BA
https://www.linkedin.com/in/tran-le-nguyen-hoang-minh,BA
https://www.linkedin.com/in/nguy%C3%AAn-ph%C3%B9ng-884666128,BA
https://www.linkedin.com/in/nguyen-thao-6b1a03229,BA
https://www.linkedin.com/in/nguyen-xuan-quang-6a6564219,BA
https://www.linkedin.com/in/banggiang1206,BA
https://www.linkedin.com/in/nguyen-quan-061a36184,PM
https://www.linkedin.com/in/nguyen-thanh-ly-522138229,PM
https://www.linkedin.com/in/nguyen-binh-ho-11722ab9,PM
https://www.linkedin.com/in/ngvdung90,PM
https://www.linkedin.com/in/nguyen-dinh-ba-408922a8,PM
https://www.linkedin.com/in/nguyen-to-74769638,PM
https://www.linkedin.com/in/nguyen-phuong-minh-pmp-b485b7b7,PM
https://www.linkedin.com/in/nguyen-dan-thi-183382324,PM
https://www.linkedin.com/in/chuongnh,PM
https://www.linkedin.com/in/nguyen-vu-dung-69ba8218b,PM
https://www.linkedin.com/in/lanhnv,UX/UI
https://www.linkedin.com/in/nhuhuynguyen,UX/UI
https://www.linkedin.com/in/cuongndn1506,UX/UI
https://www.linkedin.com/in/ACoAADf0CicBgdNKDRQxpii4gv3a3CQHX5RyzmY,UX/UI
https://www.linkedin.com/in/long-hydra,UX/UI
https://www.linkedin.com/in/lmlong-2k,UX/UI
https://www.linkedin.com/in/nguyen-hanh-78aa7128a,UX/UI
https://www.linkedin.com/in/hiyen,UX/UI
https://www.linkedin.com/in/hien-nguyen-800a1b14a,UX/UI
https://www.linkedin.com/in/thien91dn,UX/UI
https://www.linkedin.com/in/harry-nguyen-87459a261,AI
https://www.linkedin.com/in/trung-nguyen-6388621a7,AI
https://www.linkedin.com/in/thaihuyhcmut,AI
https://www.linkedin.com/in/tuannguyen0612,AI
https://www.linkedin.com/in/bao-lam-nguyen-54a57b207,AI
https://www.linkedin.com/in/nhatnt2312,AI
https://www.linkedin.com/in/tu-nguyen-b409081b3,AI
https://www.linkedin.com/in/toan-nguyen-058506180,AI
https://www.linkedin.com/in/longthanhnguyen02,AI
https://www.linkedin.com/in/namnh1608,AI
https://www.linkedin.com/in/khanh-nguyen-642164158,tester
https://www.linkedin.com/in/griffith-nguyen-12473b279,tester
https://www.linkedin.com/in/oanh-nguyen-445182258,tester
https://www.linkedin.com/in/diem-nguyen-77a8ba13b,tester
https://www.linkedin.com/in/van-nguyen-706619166,tester
https://www.linkedin.com/in/lai-nguyen-a274a3169,tester
https://www.linkedin.com/in/nguyen-thi-thu-trang-434b6b14,tester
https://www.linkedin.com/in/hieu-nguyen-6a16b3188,tester
https://www.linkedin.com/in/vazena-n-a62458283,tester
https://www.linkedin.com/in/van-nguyen-29195b146,tester
https://www.linkedin.com/in/danh-bui-nguyen-thanh-b26b01a5,devops
https://www.linkedin.com/in/thien-nguyen-thanh-163a111b6,devops
https://www.linkedin.com/in/manhlnd,devops
https://www.linkedin.com/in/phung-nguyen82,devops
https://www.linkedin.com/in/daiangclubs,devops
https://www.linkedin.com/in/binh-nguyen-66147561,devops
https://www.linkedin.com/in/phucnguyenit,devops
https://www.linkedin.com/in/nghiant2103,devops
https://www.linkedin.com/in/thinhnp3,devops
https://www.linkedin.com/in/nguyendodangquang,devops
https://www.linkedin.com/in/khuyen-nguyen-29b91b117,HR
https://www.linkedin.com/in/tam-nguyen-03613b139,HR
https://www.linkedin.com/in/son-nguyen-24a85114,HR
https://www.linkedin.com/in/ACoAAAL4_RoBoDg3339kib8pEUE-y_ljhKZExsw,HR
https://www.linkedin.com/in/nhi-nguyen-615102147,HR
https://www.linkedin.com/in/nguyen-hang-38a6b835,HR
https://www.linkedin.com/in/huong-nguyen-2105812b,HR
https://www.linkedin.com/in/hien-nguyen-8631b13a,HR
https://www.linkedin.com/in/nguyen-thi-bich-vi-5b3205175,HR
https://www.linkedin.com/in/nguyen-khanh-14471ab3,HR
https://www.linkedin.com/in/thaonv795,software
https://www.linkedin.com/in/baonguyenthe,software
https://www.linkedin.com/in/tuan-nguyen-0405,software
https://www.linkedin.com/in/nguyen-huy-5a7371120,software
https://www.linkedin.com/in/dinh-dung-nguyen,software
https://www.linkedin.com/in/long-nguyen-thanh-89a333212,software
https://www.linkedin.com/in/ttr-ng,software
https://www.linkedin.com/in/jnguyeen,software
https://www.linkedin.com/in/nguyenduclong-mark,software
https://www.linkedin.com/in/vknguyen1992,software
https://www.linkedin.com/in/ngtl-vincent-nguyen,BA
https://www.linkedin.com/in/nguyencaotruong183,BA
https://www.linkedin.com/in/uyennguyenn98,BA
https://www.linkedin.com/in/ACoAADkOaVcBGqOniP4kxkImuKsVhxji04jiVaQ,BA
https://www.linkedin.com/in/nguyen-thi-thanh-chau-66636411b,BA
https://www.linkedin.com/in/minh-thinh,BA
https://www.linkedin.com/in/thuha301297,BA
https://www.linkedin.com/in/thanh-nguyen-tran,BA
https://www.linkedin.com/in/nguyen-phuong-ha-a9297685,BA
https://www.linkedin.com/in/tan-nguyen-209a7a195,BA
https://www.linkedin.com/in/hoangvietnguyen99,software
https://www.linkedin.com/in/hoainamfptu,software
https://www.linkedin.com/in/peuin,BA
https://www.linkedin.com/in/nguyenchinhat,PM
https://www.linkedin.com/in/peterdieu,UX/UI
https://www.linkedin.com/in/nguyen-phu-p3p0020,AI
https://www.linkedin.com/in/haonk1337,tester
https://www.linkedin.com/in/dat-nguyen-ai,devops
https://www.linkedin.com/in/ho-nguyen-ly-ly,HR
https://www.linkedin.com/in/hien-nguyen-duc-2053b0240,software
https://www.linkedin.com/in/nhung-nguyen-olivia-83198b1ab,BA
https://www.linkedin.com/in/nguyen-le-763a904a,PM
https://www.linkedin.com/in/tranthingocnguyen,UX/UI
https://www.linkedin.com/in/nguyen-duy-dat,AI
https://www.linkedin.com/in/nguy%C3%AAn-h%C3%A0-666698207,tester
https://www.linkedin.com/in/thuannd15,devops
https://www.linkedin.com/in/ACoAACQo2EgBGVI9cpU6NCs8C0EhUO6BVeKsexQ,HR
